"Enroll No",Email,Date
1,john.doe@mail.com,2023-09-08
2,emily.smith@tempmail.org,2023-09-08
3,david.wilson@quickmail.net,2023-09-08
4,sarah.johnson@getinbox.me,2023-09-08
5,michael.brown@disposablemail.com,2023-09-08
6,sophia.davis@temporaryemail.biz,2023-09-08
7,alexander.miller@mytempmail.co,2023-09-08
8,olivia.moore@throwawaymail.io,2023-09-08
9,william.jackson@fakeinbox.com,2023-09-08
10,ava.thomas@anonbox.net,2023-09-08
11,noah.white@inboxify.com,2023-09-08
12,mia.anderson@mailinator.net,2023-09-08
13,ethan.taylor@guerrillamail.com,2023-09-08
14,emma.harris@fakebox.net,2023-09-08
15,liam.clark@easytrashmail.com,2023-09-08
16,ava.hill@jetable.org,2023-09-08
17,benjamin.green@tempinbox.com,2023-09-08
18,mia.hall@mytrashmail.com,2023-09-08
19,james.walker@discardmail.com,2023-09-08
20,isabella.lewis@spamgourmet.com,2023-09-08
